"Task Name","Description","Priority","Phase","Tags"
"Monitor and Analyze","Track performance with analytics tools and set up alerts for critical issues.","High","Post-Launch","Post-Launch"
"Continuous Improvement","Update features based on user feedback and conduct A/B testing to optimize conversions.","Medium","Post-Launch","Post-Launch"
"Provide Customer Support","Offer live chat, email, or phone support, and consider an AI chatbot for 24/7 assistance.","High","Post-Launch","Post-Launch"
"Implement Marketing Strategies","Use SEO, PPC, social media, email marketing, and influencer partnerships to drive traffic and sales.","High","Post-Launch","Post-Launch"
"Implement Voice Search","Allow users to search for products using voice commands.","Low","Post-Launch","Post-Launch"
"Integrate AR/VR Features","Enable users to visualize products in their environment using augmented reality.","Low","Post-Launch","Post-Launch"
"Set Up Subscription Services","Offer subscription-based models for regular customers (e.g., seasonal collections).","Medium","Post-Launch","Post-Launch"
"Ensure Sustainable and Ethical Shopping Practices","Highlight eco-friendly products and ethical sourcing to appeal to conscious consumers.","Medium","Post-Launch","Post-Launch"
"Ensure Accessibility","Follow WCAG guidelines to make the platform inclusive for all users.","High","Post-Launch","Post-Launch"
